Number,Title,Open issues,Closed issues,State,Created At,Due on,Closed At,Number of Times Milestone Used,Time Difference Created and Closed,Time Difference Due on and Closed,Unusually fewer issues,Unusually more issues
2,Submit Final Project Report,0,4,open,1425310291,1428379200,,4,,,,
8,Full paper draft,0,13,closed,1425320026,1427688000,1427782772,13,28.50400463,1.096898148,,yes
9,Finalize Rep Grid,0,5,closed,1427201016,1427256000,1427740289,5,6.241585648,5.605196759,,
3,Project 1A: Preliminary Report,0,6,closed,1425310382,1425358800,1426175211,6,10.00959491,9.449201389,,
6,Add Info of Relevant Papers,0,9,closed,1425310658,1425358800,1426175203,9,10.00630787,9.449108796,,
5,Add ALL resources to Paper Comparison RepGrid,0,40,closed,1425310495,1427515200,1427289295,40,22.90277778,-2.614641204,,yes
7,Define Outline of Final Report,0,2,closed,1425310801,1427169600,1427740271,2,28.11886574,6.604988426,yes,
