Number,Title,Open issues,Closed issues,State,Created At,Due on,Closed At,Number of Times Milestone Used,Time Difference Created and Closed,Time Difference Due on and Closed,Unusually fewer issues,Unusually more issues
7,Milestone-03/30,0,10,closed,1426908653,1427688000,1427757043,10,9.819328704,0.799108796,,yes
6,Milestone-03/15,0,1,closed,1425940660,1426392000,1427242955,1,15.0728588,9.849016204,yes,
5,Milestone-03/07,0,2,closed,1425428342,1425704400,1425940368,2,5.926226852,2.731111111,,
4,105 Model,0,1,closed,1424919995,1425790800,1425428965,1,5.890856481,-4.187905093,yes,
3,Tasks for 02/27,0,15,closed,1424399840,1425013200,1425765613,15,15.80755787,8.708483796,,yes
2,Tasks for Week#3,0,4,closed,1423608786,1424754000,1425765611,4,24.96325231,11.70846065,,
1,Data Collection and Preliminary Analysis,0,3,closed,1422411174,1423544400,1423608669,3,13.85989583,0.743854167,,
