Number,Title,Open issues,Closed issues,State,Created At,Due on,Closed At,Number of Times Milestone Used,Time Difference Created and Closed,Time Difference Due on and Closed,Unusually fewer issues,Unusually more issues
5,Final release,0,8,closed,1427255411,1428120000,1428205830,8,11.00021991,0.993402778,,
4,System test and Report,0,7,closed,1425345039,1427428800,1427577424,7,25.83778935,1.720185185,,
3,V2,0,8,closed,1424905835,1427169600,1427255366,8,27.19364583,0.992662037,,
2,V1,0,19,closed,1424905758,1425960000,1427054275,19,24.86709491,12.66521991,,yes
1,Beta Launch ,0,14,closed,1424297592,1425099600,1424970557,14,7.788946759,-1.493553241,,
